country,administrative_region,town_village_hospital,latitude,longitude,year,precision,reference_humans,reference_rodents,counts_rodents,detectioin_method,unnamed,source
GIN,Faranah prefecture,Bantou,10.07,-10.58,2003-05,,,"[17,18]",,PCR_sero_10_percent_prevalence,,fichet-calvet_2013
GIN,Faranah prefecture,Gbetaya,9.84,-11.03,"1990-92, 1996-97, 2003-05",,[55],"[17,18,56]",,PCR_sero_10_percent_prevalence,,fichet-calvet_2013
GIN,Faranah prefecture,Kamaraya,9.88,-10.75,1990-92,,[55],,,PCR_sero_10_percent_prevalence,,fichet-calvet_2013
GIN,Faranah prefecture,Sangoyah,9.72,-10.88,"1990-92, 1996-97",,[55],[56],,PCR_sero_10_percent_prevalence,,fichet-calvet_2013
GIN,Faranah prefecture,Tanganya,10.0,-10.97,2003-05,,,"[17,18]",,PCR_sero_10_percent_prevalence,,fichet-calvet_2013
GIN,Faranah prefecture,Tindo,9.97,-10.7,1990-92,,[55],,,PCR_sero_10_percent_prevalence,,fichet-calvet_2013
GIN,Gueckedou prefecture,Bawa,8.56,-10.03,"1990-92, 1996-97",,[55],[56],,PCR_sero_10_percent_prevalence,,fichet-calvet_2013
GIN,Gueckedou prefecture,Denguedou,8.49,-10.44,"1993, 2005",,[57],[17],,PCR_sero_10_percent_prevalence,,fichet-calvet_2013
GIN,Gueckedou prefecture,Fangamandou,8.5,-10.6,"1990-92, 1993, 1996-97",,"[55,57]",[56],,PCR_sero_10_percent_prevalence,,fichet-calvet_2013
GIN,Gueckedou prefecture,Guedembou,8.76,-9.99,1993,,[57],,,PCR_sero_10_percent_prevalence,,fichet-calvet_2013
GIN,Gueckedou prefecture,Kassadou,8.91,-10.35,1993,,[57],,,PCR_sero_10_percent_prevalence,,fichet-calvet_2013
GIN,Gueckedou prefecture,Kpolodou,8.85,-10.34,1993,,[57],,,PCR_sero_10_percent_prevalence,,fichet-calvet_2013
GIN,Gueckedou prefecture,Nongoa Mbalia,8.7,-10.37,1990-92,,[55],,,PCR_sero_10_percent_prevalence,,fichet-calvet_2013
GIN,Gueckedou prefecture,Owe Jiba,8.48,-10.44,"1990-92, 1996-97",,[55],[56],,PCR_sero_10_percent_prevalence,,fichet-calvet_2013
GIN,Gueckedou prefecture,Sassani Toli,8.75,-10.3,1990-92,,[55],,,PCR_sero_10_percent_prevalence,,fichet-calvet_2013
GIN,Gueckedou prefecture,Tekoulo,8.54,-10.01,"1993, 1996-97",,[57],[56],,PCR_sero_10_percent_prevalence,,fichet-calvet_2013
GIN,Gueckedou prefecture,Telekolo,8.47,-10.43,1990-92,,[55],,,PCR_sero_10_percent_prevalence,,fichet-calvet_2013
GIN,Gueckedou prefecture,Temessadou,8.66,-10.31,1993,,[57],,,PCR_sero_10_percent_prevalence,,fichet-calvet_2013
GIN,Gueckedou prefecture,Tomandou,8.5,-10.3,1993,,[57],,,PCR_sero_10_percent_prevalence,,fichet-calvet_2013
GIN,Kindia prefecture,Madina Oula,9.88,-12.45,"1982-83, 1990-92, 1996-97",,"[11,55]",[56],,PCR_sero_10_percent_prevalence,,fichet-calvet_2013
GIN,Kissidougou prefecture,Bambaya,9.3,-10.1,1996-99,,[10],,,PCR_sero_10_percent_prevalence,,fichet-calvet_2013
GIN,Kissidougou prefecture,Banankoro,9.18,-9.3,1996-99,,[10],,,PCR_sero_10_percent_prevalence,,fichet-calvet_2013
GIN,Kissidougou prefecture,Boue,9.01,-9.95,1996-97,,,[56],,PCR_sero_10_percent_prevalence,,fichet-calvet_2013
GIN,Kissidougou prefecture,Fedou,9.2,-9.9,1996-99,,[10],,,PCR_sero_10_percent_prevalence,,fichet-calvet_2013
GIN,Kissidougou prefecture,Telekoro,9.18,-10.1,"1965, 1967, 1968, 1996-99",,"[10,14]",,,PCR_sero_10_percent_prevalence,,fichet-calvet_2013
GIN,Kissidougou prefecture,Yende Milimou,8.89,-10.17,1996-99,,[10],,,PCR_sero_10_percent_prevalence,,fichet-calvet_2013
GIN,Lola prefecture,Gbah,7.62,-8.55,1990-92,,[55],,,PCR_sero_10_percent_prevalence,,fichet-calvet_2013
GIN,Lola prefecture,Gbenemou,7.71,-8.52,1990-92,,[55],,,PCR_sero_10_percent_prevalence,,fichet-calvet_2013
GIN,Lola prefecture,Thuo,7.58,-8.5,1990-92,,[55],,,PCR_sero_10_percent_prevalence,,fichet-calvet_2013
GIN,Macenta prefecture,Lorlu,8.56,-10.02,1996-97,,,[56],,PCR_sero_10_percent_prevalence,,fichet-calvet_2013
GIN,Nzerekore prefecture,Bignamou,7.33,-9.1,1996-99,,[10],,,PCR_sero_10_percent_prevalence,,fichet-calvet_2013
GIN,Nzerekore prefecture,Dieke,7.35,-8.95,1996-99,,[10],,,PCR_sero_10_percent_prevalence,,fichet-calvet_2013
GIN,Nzerekore prefecture,Koulenin,7.75,-8.82,1996-99,,[10],,,PCR_sero_10_percent_prevalence,,fichet-calvet_2013
GIN,Siguiri prefecture,Balato,11.57,-9.32,1990-92,,[55],,,PCR_sero_10_percent_prevalence,,fichet-calvet_2013
GIN,Yomou prefecture,Bamakama,7.72,-9.27,"1990-92, 1996-97",,[55],[56],,PCR_sero_10_percent_prevalence,,fichet-calvet_2013
GIN,Yomou prefecture,Komore,7.66,-9.26,1990-92,,[55],,,PCR_sero_10_percent_prevalence,,fichet-calvet_2013
GIN,Yomou prefecture,Waita,7.56,-9.26,"1990-92, 1996-97",,[55],[56],,PCR_sero_10_percent_prevalence,,fichet-calvet_2013
LBR,Bomi county,Goodrich plantation hosp. (=Klay),6.69,-10.87,1980,,[58],,,PCR_sero_10_percent_prevalence,,fichet-calvet_2013
LBR,Bong county,Suakoko (Phebe hosp.),7.19,-9.38,1972,,"[5,59,60]",,,PCR_sero_10_percent_prevalence,,fichet-calvet_2013
LBR,Grand Cape Mont county,Mano river hosp.,7.33,-11.14,1980,,[58],,,PCR_sero_10_percent_prevalence,,fichet-calvet_2013
LBR,Lofa county,Foya Kamara hosp.,8.36,-10.21,"1977, 1979, 1980, 1981",,"[58,60,61]",,,PCR_sero_10_percent_prevalence,,fichet-calvet_2013
LBR,Lofa county,Koindu,8.22,-10.77,1974,,[59],,,PCR_sero_10_percent_prevalence,,fichet-calvet_2013
LBR,Lofa county,Yielah,7.82,-9.402000000000001,1972,,[14],,,PCR_sero_10_percent_prevalence,,fichet-calvet_2013
LBR,Lofa county,Zigida,8.04,-9.49,1972,,"[62,63]",,,PCR_sero_10_percent_prevalence,,fichet-calvet_2013
LBR,Lofa county,Zorzor hosp.,7.78,-9.43,"1969, 1972,1977, 1979, 1980-82",,"[5,58,59,60]",,,PCR_sero_10_percent_prevalence,,fichet-calvet_2013
LBR,Nimba county,Ganta hosp.,7.23,-8.98,"1982, 2004",,"[5,58]",,,PCR_sero_10_percent_prevalence,,fichet-calvet_2013
LBR,Nimba county,Louplay,6.95,-8.71,2006,,[64],,,PCR_sero_10_percent_prevalence,,fichet-calvet_2013
LBR,Nimba county,Saglelpie,6.96,-8.84,2007,,[65],,,PCR_sero_10_percent_prevalence,,fichet-calvet_2013
MLI,Segou region,Ntorosso,13.9,5.4,1971,,[54],,,PCR_sero_10_percent_prevalence,,fichet-calvet_2013
NGA,Adamawa state,Takum,7.27,9.98,1974,,[54],,,PCR_sero_10_percent_prevalence,,fichet-calvet_2013
NGA,Anambra state,Onitsha hosp.,6.17,6.78,1974,,[4],,,PCR_sero_10_percent_prevalence,,fichet-calvet_2013
NGA,Benue state,Gboko,7.32,9.0,1987,,[66],,,PCR_sero_10_percent_prevalence,,fichet-calvet_2013
NGA,Borno state,Lassa,10.68,13.27,1969,,[1],,,PCR_sero_10_percent_prevalence,,fichet-calvet_2013
NGA,Edo state,Ekpoma,6.75,6.13,2001-04,,[9],,,PCR_sero_10_percent_prevalence,,fichet-calvet_2013
NGA,Edo state,lbilo,7.43,6.08,2001-04,,[9],,,PCR_sero_10_percent_prevalence,,fichet-calvet_2013
NGA,Edo state,Igarra,7.28,6.1,2001-04,,[9],,,PCR_sero_10_percent_prevalence,,fichet-calvet_2013
NGA,Imo state,Aba hosp.,5.12,7.37,1989,,[6],,,PCR_sero_10_percent_prevalence,,fichet-calvet_2013
NGA,Imo state,Aboh Mbaise hosp.,5.55,7.2,1989,,[6],,,PCR_sero_10_percent_prevalence,,fichet-calvet_2013
NGA,Kaduna state,Rahama,10.42,8.68,1952,,[67],,,PCR_sero_10_percent_prevalence,,fichet-calvet_2013
NGA,Nasarawa state,Lafia hosp.,8.48,8.52,"1987, 1992-93",,"[7,66]",,,PCR_sero_10_percent_prevalence,,fichet-calvet_2013
NGA,Ondo state,Ondo,7.1,4.83,1987,,[66],,,PCR_sero_10_percent_prevalence,,fichet-calvet_2013
NGA,Plateau state,Bassa,9.93,8.73,1970,,[3],,,PCR_sero_10_percent_prevalence,,fichet-calvet_2013
NGA,Plateau state,Fan,8.82,10.9,1977,,[14],,,PCR_sero_10_percent_prevalence,,fichet-calvet_2013
NGA,Plateau state,Jos,9.92,8.9,"1970, 1972, 1973, 1992-93",,"[7,54]",,,PCR_sero_10_percent_prevalence,,fichet-calvet_2013
NGA,Plateau state,Ner-Pankshin,9.33,9.45,1972,,,[16],,PCR_sero_10_percent_prevalence,,fichet-calvet_2013
NGA,Plateau state,Vom,9.73,8.78,"1974-75, 1976, 1977",,[14],,,PCR_sero_10_percent_prevalence,,fichet-calvet_2013
NGA,Plateau state,Zonkwa,9.78,8.28,1975,,[14],,,PCR_sero_10_percent_prevalence,,fichet-calvet_2013
NGA,Sokoto state,Sokoto,13.06,5.25,1971,,[54],,,PCR_sero_10_percent_prevalence,,fichet-calvet_2013
NGA,Taraba state,Gongola,8.5,11.5,1987,,[66],,,PCR_sero_10_percent_prevalence,,fichet-calvet_2013
NGA,Taraba state,Jalingo,8.88,11.36,2007,,[68],,,PCR_sero_10_percent_prevalence,,fichet-calvet_2013
SLE,Bo district,Bo hosp.,7.96,-11.74,2001,,[69],,,PCR_sero_10_percent_prevalence,,fichet-calvet_2013
SLE,Bo district,Gerihun camp,7.93,-11.58,2003,,[70],,,PCR_sero_10_percent_prevalence,,fichet-calvet_2013
SLE,Bo district,Jimmi camp,7.6,-11.82,2003,,[70],,,PCR_sero_10_percent_prevalence,,fichet-calvet_2013
SLE,Bombali district (North),Kamabunyele,9.18,-11.93,1977-1983,,[71],,,PCR_sero_10_percent_prevalence,,fichet-calvet_2013
SLE,Bombali district (North),Kathumpe,9.5,-12.23,1977-1983,,[71],[71],,PCR_sero_10_percent_prevalence,,fichet-calvet_2013
SLE,Bombali district (North),Mamaka,9.1,-12.32,1977-1982,,[71],[71],,PCR_sero_10_percent_prevalence,,fichet-calvet_2013
SLE,Kailahun district (East),Daru hosp.,7.99,-10.85,2000,,[72],,,PCR_sero_10_percent_prevalence,,fichet-calvet_2013
SLE,Kailahun district (East),Kailahun hosp.,8.28,-10.57,2001,,[69],,,PCR_sero_10_percent_prevalence,,fichet-calvet_2013
SLE,Kenema district (East),Bomie/Landoma,8.23,-11.07,"1977-83, 1996-97",,"[71,73]",,,PCR_sero_10_percent_prevalence,,fichet-calvet_2013
SLE,Kenema district (East),Buima,8.27,-11.11,1996-97,,[73],,,PCR_sero_10_percent_prevalence,,fichet-calvet_2013
SLE,Kenema district (East),Daabu,7.92,-10.95,1996-97,,[73],,,PCR_sero_10_percent_prevalence,,fichet-calvet_2013
SLE,Kenema district (East),Giema,8.2,-11.05,1977-82,,,[71],,PCR_sero_10_percent_prevalence,,fichet-calvet_2013
SLE,Kenema district (East),Kenema hosp.,7.9,-11.2,"1996-97, 1999, 2001-04",,"[69,70,73,74]",,,PCR_sero_10_percent_prevalence,,fichet-calvet_2013
SLE,Kenema district (East),Konia,8.1,-11.02,1977-83,,[71],[71],,PCR_sero_10_percent_prevalence,,fichet-calvet_2013
SLE,Kenema district (East),Kpandebu,8.22,-11.07,1977-83,,[71],[71],,PCR_sero_10_percent_prevalence,,fichet-calvet_2013
SLE,Kenema district (East),Lalehun,8.2,-11.08,1977-82,,,[71],,PCR_sero_10_percent_prevalence,,fichet-calvet_2013
SLE,Kenema district (East),Largo camp,8.05,-11.12,2003,,[70],,,PCR_sero_10_percent_prevalence,,fichet-calvet_2013
SLE,Kenema district (East),Lowoma,8.22,-11.03,1977-82,,[71],[71],,PCR_sero_10_percent_prevalence,,fichet-calvet_2013
SLE,Kenema district (East),Macca,8.15,-11.22,1996-97,,[73],,,PCR_sero_10_percent_prevalence,,fichet-calvet_2013
SLE,Kenema district (East),Neama,8.12,-11.0,1977-83,,[71],,,PCR_sero_10_percent_prevalence,,fichet-calvet_2013
SLE,Kenema district (East),Niahun,8.0,-11.07,1977-83,,[71],[71],,PCR_sero_10_percent_prevalence,,fichet-calvet_2013
SLE,Kenema district (East),Njakundoma,8.23,-11.05,1977-83,,[71],[71],,PCR_sero_10_percent_prevalence,,fichet-calvet_2013
SLE,Kenema district (East),Nongowa,7.63,-11.4,2003,,[70],,,PCR_sero_10_percent_prevalence,,fichet-calvet_2013
SLE,Kenema district (East),Palima/Tongola,8.22,-11.05,"1977-83, 1996-97",,"[71,73]",[71],,PCR_sero_10_percent_prevalence,,fichet-calvet_2013
SLE,Kenema district (East),Pandebu,8.21,-11.13,1996-97,,[73],,,PCR_sero_10_percent_prevalence,,fichet-calvet_2013
SLE,Kenema district (East),Panguma hosp.,8.2,-11.22,"1970-75, 1996-97, 2003",,"[70,73,75,76,77]",[15],,PCR_sero_10_percent_prevalence,,fichet-calvet_2013
SLE,Kenema district (East),Segbwema hosp.,8.0,-10.95,"1975, 1977-83, 1996-97",,"[73,77]",[71],,PCR_sero_10_percent_prevalence,,fichet-calvet_2013
SLE,Kenema district (East),Semewabu,8.02,-10.87,1977-83,,[71],,,PCR_sero_10_percent_prevalence,,fichet-calvet_2013
SLE,Kenema district (East),Serabu hosp.,7.85,-11.29,1977,,[14],,,PCR_sero_10_percent_prevalence,,fichet-calvet_2013
SLE,Kenema district (East),Tokpombu,8.22,-11.09,1996-97,,[73],,,PCR_sero_10_percent_prevalence,,fichet-calvet_2013
SLE,Kenema district (East),Tongo field,8.45,-11.12,1972,,,[15],,PCR_sero_10_percent_prevalence,,fichet-calvet_2013
SLE,Kenema district (East),Tongo hosp.,8.45,-11.28,"1970-72, 1996-97",,"[73,75]",,,PCR_sero_10_percent_prevalence,,fichet-calvet_2013
SLE,Kono district,Kono hosp.,8.75,-11.0,2001,,[69],,,PCR_sero_10_percent_prevalence,,fichet-calvet_2013
SLE,Moyamba district,Taiama camp,8.2,-12.07,2003,,[70],,,PCR_sero_10_percent_prevalence,,fichet-calvet_2013
SLE,Pujehun district,Pujehun hosp.,7.35,-11.72,2001,,[69],,,PCR_sero_10_percent_prevalence,,fichet-calvet_2013
CIV,,,9.29,5.42,,coordinates_GenBank,,,,seq,,database_seqs_raph
CIV,,,9.29,5.44,,coordinates_GenBank,,,,seq,,database_seqs_raph
CIV,,,9.38,6.29,,coordinates_GenBank,,,,seq,,database_seqs_raph
CIV,Savanes,Gbaloho,9.29,-5.42,,coordinates_GenBank,10.3201/eid2108.150312,,,seq,,database_seqs_raph
GIN,Nzerekore,Nzerekore,7.758615,-8.815928,,city_GoogleMap,10.1128/JVI.74.15.6992-7004.2000,,,seq,,database_seqs_raph
GIN,Faranah,Kissidougou,9.192085,-10.113945,,city_GoogleMap,10.1128/JVI.74.15.6992-7004.2000,,,seq,,database_seqs_raph
GIN,Faranah,Faranah,10.045385000000001,-10.750164999999999,,city_GoogleMap,10.1128/JVI.74.15.6992-7004.2000,,,seq,,database_seqs_raph
GIN,Faranah,Gbetaya,9.841016999999999,-11.04015,,city_Fichet_Calvet_et_al,10.3201/eid1212.060812,,,seq,,database_seqs_raph
GIN,Faranah,Bantou,10.059766999999999,-10.58615,,city_Fichet_Calvet_et_al,10.3201/eid1212.060812,,,seq,,database_seqs_raph
GIN,Faranah,Tanganya,10.0004,-10.972783,,city_Fichet_Calvet_et_al,10.3201/eid1212.060812,,,seq,,database_seqs_raph
GIN,Gueckedou,Denguedou,8.338811,-10.543925,,city_GoogleMap,10.3201/eid1212.060812,,,seq,,database_seqs_raph
GIN,Faranah,Sokourala,10.056783300000001,-10.665833300000001,,city_Fichet_Calvet_et_al,10.1038/srep21977,,,seq,,database_seqs_raph
GIN,Faranah,Damania,9.806833000000001,-10.863267,,city_Fichet_Calvet_et_al,10.1038/srep21977,,,seq,,database_seqs_raph
GIN,Faranah,Yarawalia,9.95445,-10.731883300000002,,city_Fichet_Calvet_et_al,10.1038/srep21977,,,seq,,database_seqs_raph
GIN,Faranah,Khoria,9.9422667,-10.8930333,,city_Fichet_Calvet_et_al,10.1038/srep21977,,,seq,,database_seqs_raph
GIN,Faranah,Dalafilani,10.143166699999998,-10.60505,,city_Fichet_Calvet_et_al,10.1038/srep21977,,,seq,,database_seqs_raph
GIN,Faranah,Safrani,10.057816699999998,-10.738366699999998,,city_Fichet_Calvet_et_al,10.1038/srep21977,,,seq,,database_seqs_raph
GIN,Faranah,Silimi,9.976816699999999,-0.81955,,city_Fichet_Calvet_et_al,10.1038/srep21977,,,seq,,database_seqs_raph
GIN,Faranah,Brissa,10.216833300000001,-10.688766699999999,,city_Fichet_Calvet_et_al,10.1038/srep21977,,,seq,,database_seqs_raph
GIN,Faranah,Sonkonia,9.912717,-10.798133,,city_Fichet_Calvet_et_al,10.1038/srep21977,,,seq,,database_seqs_raph
GIN,Kindia,MadinaOula,9.87,-12.43,,city_Olayemi_et_al,10.1038/srep25280,,,seq,,database_seqs_raph
LBR,Bong,Suakoko,6.98986,-9.580031,,admin-2,10.1016/S1473-3099(19)30486-4,,,seq,,database_seqs_raph
LBR,Bong,Jorquelleh,6.99556,-9.47222,,admin-2,10.1016/S1473-3099(19)30486-4,,,seq,,database_seqs_raph
LBR,Nimba,Garr bain,7.243060000000001,-8.871939999999999,,admin-2,10.1016/S1473-3099(19)30486-4,,,seq,,database_seqs_raph
MLI,,Soromba,10.5891,-7.1558,,admin-2,PMID: 19317988,,,seq,,database_seqs_raph
MLI,,Bamba,10.3831,-7.1517,,city_Safronetz_et_al,10.1371/journal.pntd.0002582,,,seq,,database_seqs_raph
MLI,,Komina,10.6164,-7.1583,,city_Safronetz_et_al,10.1371/journal.pntd.0002582,,,seq,,database_seqs_raph
MLI,,Ouoma,10.397222,-7.259167,,coordinates_GenBank,10.3201/eid1607.100146,,,seq,,database_seqs_raph
SLE,Kailahun,Segbwema,7.997399000000001,-10.950236,,city_GoogleMap,10.1128/JVI.74.15.6992-7004.2000,,,seq,,database_seqs_raph
SLE,Kenema,Tongo,8.218856200000001,-11.0604289,,city_OpenStreetMap,10.1128/JVI.74.15.6992-7004.2000,,,seq,,database_seqs_raph
SLE,Kenema,Panguma,8.184479,-11.134313,,city_GoogleMap,10.1128/JVI.74.15.6992-7004.2000,,,seq,,database_seqs_raph
SLE,Kailahun,Mobai,7.9935681,-10.7537466,,city_OpenStreetMap,10.1128/JVI.74.15.6992-7004.2000,,,seq,,database_seqs_raph
SLE,Kenema,Bumpeh,8.21,-11.09,,city_Leski_et_al,10.3201/eid2104.141469,,,seq,,database_seqs_raph
SLE,Kenema,Largo,8.05,-11.11,,city_Leski_et_al,10.3201/eid2104.141469,,,seq,,database_seqs_raph
SLE,Kenema,Ngiehun,8.18,-11.08,,city_Leski_et_al,10.3201/eid2104.141469,,,seq,,database_seqs_raph
SLE,Kenema,Saama,8.28,-11.01,,city_Leski_et_al,10.3201/eid2104.141469,,,seq,,database_seqs_raph
SLE,Bo,Barlie,8.02,-11.58,,city_Leski_et_al,10.3201/eid2104.141469,,,seq,,database_seqs_raph
SLE,Kenema,Yawei,7.82,-10.95,,city_Leski_et_al,10.3201/eid2104.141469,,,seq,,database_seqs_raph
SLE,Kenema,Koi,8.04,-11.06,,city_Leski_et_al,10.3201/eid2104.141469,,,seq,,database_seqs_raph
SLE,Kenema,Taiama,8.17,-11.23,,city_Leski_et_al,10.3201/eid2104.141469,,,seq,,database_seqs_raph
SLE,Kenema,Kenema,7.8622119999999995,-11.196247,,city_GoogleMap,10.1016/j.cell.2015.07.020,,,seq,,database_seqs_raph
SLE,Kenema,Kono Gorama,8.38727,-11.0879,,GeoNames_gazetter,10.1016/j.cell.2015.07.020,,,seq,,database_seqs_raph
SLE,Kenema,Dodo,8.154893,-11.171735,,city_GoogleMap,10.1016/j.cell.2015.07.020,,,seq,,database_seqs_raph
SLE,Kenema,Blama,7.874519,-11.342483,,city_GoogleMap,10.1016/j.cell.2015.07.020,,,seq,,database_seqs_raph
SLE,Bo,Gondama,7.86688,-11.70931,,GeoNames_gazetter,10.1016/j.cell.2015.07.020,,,seq,,database_seqs_raph
SLE,Kenema,Tongo Tongola old town,8.21154,-11.05124,,GeoNames_gazetter,10.1016/j.cell.2015.07.020,,,seq,,database_seqs_raph
SLE,Kenema,Pegama,8.116599,-11.174797,,city_GoogleMap,10.1016/j.cell.2015.07.020,,,seq,,database_seqs_raph
SLE,Kenema,Lalehun,8.197827499999999,-11.080325199999999,,highest_admin_coord,10.1016/j.cell.2015.07.020,,,seq,,database_seqs_raph
SLE,Kenema,Nekabu,7.925974000000001,-11.054267,,city_GoogleMap,10.1016/j.cell.2015.07.020,,,seq,,database_seqs_raph
SLE,Kenema,Kamboma,8.356385000000001,-11.433121,,city_GoogleMap,10.1016/j.cell.2015.07.020,,,seq,,database_seqs_raph
SLE,Bo,Taninahun Malin,7.891162,-12.086255,,city_OpenStreetMap,10.1016/j.cell.2015.07.020,,,seq,,database_seqs_raph
SLE,Kenema,Kpetema-Brewaya,8.355083,-11.324278,,city_GoogleMap,10.1016/j.cell.2015.07.020,,,seq,,database_seqs_raph
SLE,Kenema,Nyadeyama,8.3188107,-11.3151104,,city_OpenStreetMap,10.1016/j.cell.2015.07.020,,,seq,,database_seqs_raph
SLE,Bo,Bo,7.954896000000001,-11.740822999999999,,city_GoogleMap,10.1016/j.cell.2015.07.020,,,seq,,database_seqs_raph
SLE,Kenema,Gbado,8.007852999999999,-11.278946000000001,,city_GoogleMap,10.1016/j.cell.2015.07.020,,,seq,,database_seqs_raph
SLE,Bombali,Makeni,8.871839999999999,-12.038183,,city_GoogleMap,10.1016/j.cell.2015.07.020,,,seq,,database_seqs_raph
SLE,Kenema,Kebawana,7.65,-11.133333,,NGA_gazetter,10.1016/j.cell.2015.07.020,,,seq,,database_seqs_raph
SLE,Bo,Upper Saama,7.666711,-11.859363,,city_OpenStreetMap,10.1016/j.cell.2015.07.020,,,seq,,database_seqs_raph
SLE,Bo,Torpkoi Town,7.953876299999999,-11.7132483,,several_coord,10.1016/j.cell.2015.07.020,,,seq,,database_seqs_raph
TGO,Savanes,Sansanne-Mango ,10.355068,0.474579,,city google map,10.3201/eid2403.171905,,,seq,,database_seqs_raph
NGA,Anambra,Onitsha,6.1666669999999995,6.783333,,city_Wikipedia,10.1128/JVI.74.15.6992-7004.2000,,,seq,,database_seqs_raph
NGA,Edo,Ekpoma,6.75,6.133333,,city_GoogleMap,10.1128/JVI.74.15.6992-7004.2000,,,seq,,database_seqs_raph
NGA,Abia,Aba,5.116667,7.366667,,city_GoogleMap,10.1128/JVI.74.15.6992-7004.2000,,,seq,,database_seqs_raph
NGA,Imo,Owerri,5.485,7.035,,city_Wikipedia,10.1128/JVI.74.15.6992-7004.2000,,,seq,,database_seqs_raph
NGA,Plateau,Jos,9.916667,8.890278,,city_Wikipedia,10.1128/JVI.74.15.6992-7004.2000,,,seq,,database_seqs_raph
NGA,Plateau,Vom,9.737692,8.808975,,city_GoogleMap,10.1128/JVI.74.15.6992-7004.2000,,,seq,,database_seqs_raph
NGA,Kaduna,Zonkwa,9.783333,8.283333,,city_GoogleMap,10.1128/JVI.74.15.6992-7004.2000,,,seq,,database_seqs_raph
NGA,Kaduna,Zaria,11.084769999999999,7.688389999999999,,city_latlong.net,10.1126/science.aau9343,,,seq,,database_seqs_raph
NGA,Federal Capital Territory,Abuja,9.050211000000001,7.396413000000001,,city_GoogleMap,10.1128/JCM.01891-10,,,seq,,database_seqs_raph
NGA,Edo,Irrua,6.738428999999999,6.221953,,city_GoogleMap,10.1128/JCM.01891-10,,,seq,,database_seqs_raph
NGA,Edo,Uromi,6.7122589999999995,6.329005,,city_GoogleMap,10.1128/JCM.01891-10,,,seq,,database_seqs_raph
NGA,Edo,Iruekpen,6.754196,6.054167,,city_GoogleMap,10.1128/JCM.01891-10,,,seq,,database_seqs_raph
NGA,Kogi,Lokoja,7.80207,6.74365,,city_latlong.net,10.1128/JCM.01891-10,,,seq,,database_seqs_raph
NGA,Edo,Auchi,7.066667,6.266667,,city_Wikipedia,10.1371/journal.pntd.0001839,,,seq,,database_seqs_raph
NGA,Nasarawa,Akwanga,8.90559,8.40981,,city_latlong.net,10.1371/journal.pntd.0001839,,,seq,,database_seqs_raph
NGA,Edo,Opoji,6.6936979999999995,6.201246,,city_GoogleMap,10.1371/journal.pntd.0001839,,,seq,,database_seqs_raph
NGA,Edo,Ehor,6.6159479999999995,5.986347,,city_GoogleMap,10.1371/journal.pntd.0001839,,,seq,,database_seqs_raph
NGA,Edo,BeninCity,6.3333330000000005,5.622222,,city_Wikipedia,10.1371/journal.pntd.0001839,,,seq,,database_seqs_raph
NGA,Edo,Igarra,7.278134,6.104547,,city_GoogleMap,10.1371/journal.pntd.0001839,,,seq,,database_seqs_raph
NGA,Edo,SabongidaOra,6.947775,5.91429,,city_GoogleMap,10.1371/journal.pntd.0001839,,,seq,,database_seqs_raph
NGA,Edo,Uzebba,6.997077,5.904454,,city_GoogleMap,10.1371/journal.pntd.0001839,,,seq,,database_seqs_raph
NGA,Ondo,IfonOsun,7.859044,4.46989,,city_GoogleMap,10.1371/journal.pntd.0001839,,,seq,,database_seqs_raph
NGA,Edo,Igieduma,6.578492999999999,5.894024,,city_GoogleMap,10.1371/journal.pntd.0001839,,,seq,,database_seqs_raph
NGA,Edo,Ubiaja,6.659722,6.3822220000000005,,city_Wikipedia,10.1371/journal.pntd.0001839,,,seq,,database_seqs_raph
NGA,Ebonyi,Abakaliki,6.3333330000000005,8.1,,city_Wikipedia,10.1371/journal.pntd.0001839,,,seq,,database_seqs_raph
NGA,Adamawa,Yola,9.23,12.46,,city_Wikipedia,10.1371/journal.pntd.0001839,,,seq,,database_seqs_raph
NGA,Borno,Lassa,10.686987,13.272642999999999,,city_GoogleMap,10.1126/science.aau9343,,,seq,,database_seqs_raph
NGA,Edo,Eguare-Egoro,6.775092999999999,6.0775120000000005,,city_wikimapia.org,10.3201/eid2204.150155,,,seq,,database_seqs_raph
NGA,Benue,COORDINATES,7.6333,8.4,,known_coords,10.1126/science.aau9343,,,seq,,database_seqs_raph
NGA,Osun,COORDINATES,7.6833,4.6167,,known_coords,10.1126/science.aau9343,,,seq,,database_seqs_raph
NGA,Edo,Jattu,7.0833330000000005,6.283333,,city_Wikipedia,,,,seq,,database_seqs_raph
NGA,Edo,Okpella,7.272099000000001,6.346321,,city_GoogleMap,,,,seq,,database_seqs_raph
NGA,Ondo,Owo,7.197439999999999,5.586530000000001,,city_latlong.net,,,,seq,,database_seqs_raph
NGA,Ondo,Ifon,6.926767,5.7737870000000004,,city_GoogleMap,,,,seq,,database_seqs_raph
NGA,Ondo,Akoko,7.4571130000000005,5.799837,,city_GoogleMap,,,,seq,,database_seqs_raph
NGA,Ondo,Isuada,7.229292999999999,5.580561,,city_GoogleMap,,,,seq,,database_seqs_raph
NGA,Ondo,Akure,7.25,5.195,,city_Wikipedia,,,,seq,,database_seqs_raph
NGA,Ondo,Ayede Ogbese,7.202272,5.381605,,city_GoogleMap,,,,seq,,database_seqs_raph
NGA,Ondo,Oka-Akoko,7.456942,5.800781,,city_GoogleMap,,,,seq,,database_seqs_raph
NGA,Ondo,Okeluse,6.784077000000001,5.589279,,city_GoogleMap,,,,seq,,database_seqs_raph
NGA,Edo,Sobe,6.850844,5.777564,,city_GoogleMap,,,,seq,,database_seqs_raph
NGA,Benue,Gboko,7.336619000000001,9.002272,,city_GoogleMap,,,,seq,,database_seqs_raph
NGA,Edo,Agbede,6.678119000000001,3.51526,,city_GoogleMap,,,,seq,,database_seqs_raph
NGA,Edo,Usen,6.733366999999999,5.401827,,city_GoogleMap,,,,seq,,database_seqs_raph
NGA,Ondo,Ikare Akoko,7.525828999999999,5.762072,,city_GoogleMap,,,,seq,,database_seqs_raph
NGA,Edo,Afuze,6.94089,5.984769,,city_GoogleMap,,,,seq,,database_seqs_raph
NGA,Ebonyi,Afikpo,5.889345,7.953555000000001,,city_GoogleMap,,,,seq,,database_seqs_raph
NGA,Ondo,Ondo,7.088922999999999,4.799094,,city_Wikipedia,,,,seq,,database_seqs_raph
NGA,Kogi,Ekirin-Ade,7.839884,5.857344,,city_GoogleMap,,,,seq,,database_seqs_raph
NGA,Delta,Asaba,6.197842,6.728467,,city_Wikipedia,,,,seq,,database_seqs_raph
NGA,Ondo,Ute,6.849914,5.600172,,city_GoogleMap,,,,seq,,database_seqs_raph
NGA,Taraba,Jalingo,8.89369,11.35765,,admin-2,10.1056/NEJMoa1804498,,,seq,,database_seqs_raph
NGA,Bauchi,Bauchi,10.314159,9.846282,,city_latlong.net,10.1126/science.aau9343,,,seq,,database_seqs_raph
NGA,Nassarawa,Lafia,8.49575,8.52155,,city_latlong.net,10.1126/science.aau9343,,,seq,,database_seqs_raph
NGA,Bauchi,Mbal,9.595820427,9.617159843,,"city_sam,rapidsmsnigeria.org",10.1126/science.aau9343,,,seq,,database_seqs_raph
NGA,Bauchi,Alkaleri,10.26878,10.33279,,city_latlong.net,10.1126/science.aau9343,,,seq,,database_seqs_raph
NGA,Nassarawa,Agyaragu,8.4,8.55,,"city_geographic,org",10.1126/science.aau9343,,,seq,,database_seqs_raph
NGA,Bauchi,TafawaBalewa,9.755908,9.553992,,city_GoogleMap,10.1126/science.aau9343,,,seq,,database_seqs_raph
NGA,Bauchi,LimanKatagum,10.093735,9.767930999999999,,city_GoogleMap,10.1126/science.aau9343,,,seq,,database_seqs_raph
NGA,Bauchi,SabonGari,10.675453,9.122347999999999,,city_GoogleMap,10.1126/science.aau9343,,,seq,,database_seqs_raph
NGA,Benue,Oiji,7.565864,7.917972,,city_GoogleMap,10.1126/science.aau9343,,,seq,,database_seqs_raph
NGA,AkwaIbom,Uyo,5.033333,7.9166669999999995,,city_Wikipedia,10.1126/science.aau9343,,,seq,,database_seqs_raph
NGA,Ebonyi,Ikwo,6.0767,8.0701,,city_latlong.net,10.1126/science.aau9343,,,seq,,database_seqs_raph
NGA,Ekiti,IdoEkiti,7.845422,5.1829160000000005,,city_GoogleMap,10.1126/science.aau9343,,,seq,,database_seqs_raph
NGA,Kaduna,Kaduna,10.523056,7.440278,,city_Wikipedia,10.1126/science.aau9343,,,seq,,database_seqs_raph
NGA,Nassarawa,Kwarra,8.325363000000001,8.450158,,city_GoogleMap,10.1126/science.aau9343,,,seq,,database_seqs_raph
NGA,Plateau,Shendam,8.87931,9.538789999999999,,city_latlong.net,10.1126/science.aau9343,,,seq,,database_seqs_raph
NGA,Plateau,Kumbul,9.383,9.133,,"city_geographic,org",10.1126/science.aau9343,,,seq,,database_seqs_raph
NGA,Taraba,Kwesati,7.213958,10.183256,,city_GoogleMap,10.1126/science.aau9343,,,seq,,database_seqs_raph
NGA,Taraba,Takun,7.251211,9.976395,,city_GoogleMap,10.1126/science.aau9343,,,seq,,database_seqs_raph
NGA,Rivers,Obio-Akpor,4.869632,7.019002,,city_GoogleMap,10.1126/science.aau9343,,,seq,,database_seqs_raph
NGA,Bauchi,Katagun,12.287316,10.350665,,city_GoogleMap,10.1126/science.aau9343,,,seq,,database_seqs_raph
NGA,Plateau,Buji,10.0727,8.9341,,city_GoogleMap,10.1126/science.aau9343,,,seq,,database_seqs_raph
NGA,Bauchi,Bundot,10.006978,9.544584,,city_GoogleMap,10.1126/science.aau9343,,,seq,,database_seqs_raph
NGA,Kogi,Idah,7.11365,6.74345,,city_latlong.net,10.1126/science.aau9343,,,seq,,database_seqs_raph
NGA,Ondo,Irun,7.579115,5.696218,,city_GoogleMap,10.1126/science.aau9343,,,seq,,database_seqs_raph
NGA,Enugu,Enugu,6.452667,7.510333,,city_Wikipedia,10.1126/science.aau9343,,,seq,,database_seqs_raph
NGA,Ondo,Imoru,6.87224,5.7541199999999995,,city_maplandia.com,10.1126/science.aau9343,,,seq,,database_seqs_raph
NGA,Benue,Makurdi,7.732152,8.539144,,city_latlong.net,10.1126/science.aau9343,,,seq,,database_seqs_raph
NGA,Rivers,PortHarcourt,4.77149,7.01435,,city_latlong.net,10.1126/science.aau9343,,,seq,,database_seqs_raph
NGA,Plateau,Bukuru,9.8,8.866667,,city_Wikipedia,10.1126/science.aau9343,,,seq,,database_seqs_raph
NGA,Kogi,Iyano,6.797072,6.664688000000001,,city_GoogleMap,10.1126/science.aau9343,,,seq,,database_seqs_raph
NGA,Rivers,Ohio-Akpor,4.865528,7.013852,,city_GoogleMap,10.1126/science.aau9343,,,seq,,database_seqs_raph
NGA,Bauchi,Dass,9.99934,9.51518,,city_latlong.net,10.1126/science.aau9343,,,seq,,database_seqs_raph
NGA,Edo,,6.75,6.221953,,admin-1,10.1126/science.aau9343,,,seq,,database_seqs_raph
NGA,Edo,Uzairue,7.088383,6.2903720000000005,,city_GoogleMap,10.1126/science.aau9343,,,seq,,database_seqs_raph
NGA,Edo,Ogwa,6.505376,6.207318,,city_GoogleMap,10.1126/science.aau9343,,,seq,,database_seqs_raph
NGA,Ondo,IjebuOwo,7.182869,5.581471,,city_GoogleMap,10.1126/science.aau9343,,,seq,,database_seqs_raph
NGA,Ebonyi,Amauro,5.9670000000000005,7.867000000000001,,city_geographic.org,10.1126/science.aau9343,,,seq,,database_seqs_raph
NGA,Nassarawa,Keffi,8.84538,7.87839,,city_latlong.net,10.1126/science.aau9343,,,seq,,database_seqs_raph
NGA,Edo,Agenegbode,7.098654,6.678858999999999,,city_GoogleMap,10.1126/science.aau9343,,,seq,,database_seqs_raph
NGA,Imo,Orlu,5.794490000000001,7.035889999999999,,city_latlong.net,10.1126/science.aau9343,,,seq,,database_seqs_raph
NGA,Ebonyi,Iboko,6.556183,8.303293,,city_GoogleMap,10.1126/science.aau9343,,,seq,,database_seqs_raph
NGA,Ebonyi,Okposi-Okwa,6.032415,7.850117999999999,,city_GoogleMap,10.1126/science.aau9343,,,seq,,database_seqs_raph
NGA,Anambra,Nzam,6.452245,6.728375,,city_GoogleMap,10.1126/science.aau9343,,,seq,,database_seqs_raph
NGA,Ebonyi,AgbajaAzumili,6.340038,8.129261,,city_GoogleMap,10.1126/science.aau9343,,,seq,,database_seqs_raph
NGA,Bauchi,Kufai,9.982999999999999,9.232999999999999,,city_getamap.net,10.1126/science.aau9343,,,seq,,database_seqs_raph
NGA,Ebonyi,Isiama,6.065462999999999,7.813089999999999,,city_GoogleMap,10.1126/science.aau9343,,,seq,,database_seqs_raph
NGA,Ebonyi,Amogwe,6.1878,8.1189,,city_GoogleMap,10.1126/science.aau9343,,,seq,,database_seqs_raph
NGA,Anambra,Ode-Nzam,6.452608000000001,6.726605,,city_GoogleMap,10.1126/science.aau9343,,,seq,,database_seqs_raph
NGA,Edo,Ubunmwonde,6.479748000000001,5.898933,,city_GoogleMap,10.1126/science.aau9343,,,seq,,database_seqs_raph
NGA,Bauchi,Wandi,9.960813,9.502202,,city_GoogleMap,10.1126/science.aau9343,,,seq,,database_seqs_raph
NGA,Edo,Afowa,7.113571,6.327094000000001,,city_GoogleMap,10.1126/science.aau9343,,,seq,,database_seqs_raph
NGA,Ekiti,Ado-Ekiti,7.62692,5.21561,,city_latlong.net,10.1126/science.aau9343,,,seq,,database_seqs_raph
NGA,Ebonyi,UmunwaguIdembia,6.128725,8.006789999999999,,city_GoogleMap,10.1126/science.aau9343,,,seq,,database_seqs_raph
NGA,Edo,Iyamho,7.218592999999999,6.3345139999999995,,city_GoogleMap,10.1126/science.aau9343,,,seq,,database_seqs_raph
NGA,Edo,Uhiele,6.7138539999999995,6.1543980000000005,,city_GoogleMap,10.1126/science.aau9343,,,seq,,database_seqs_raph
NGA,Bauchi,Lukshi,10.03284,9.386606,,city_GoogleMap,10.1126/science.aau9343,,,seq,,database_seqs_raph
GIN,Faranah,Damania ,9.806833300000001,-10.863266699999999,2013-2014,paper,26911443,,10.0,seq,,database_rodents_raph
GIN,Faranah,Sonkonia ,9.912716699999999,-10.798133300000002,2014,paper,26911443,,2.0,seq,,database_rodents_raph
GIN, Faranah,Bantou,10.059766699999999,-10.58615,2003-2004/2011,paper,26911443,,45.0,seq,,database_rodents_raph
GIN,Faranah,Gbetaya,9.840833300000002,-11.04,2003,paper,26911443,,5.0,seq,,database_rodents_raph
GIN,Faranah,Tanganya,10.0004,-10.972777800000001,2003-2005/2011,paper,26911443,,34.0,seq,,database_rodents_raph
NIG,Southwest of River Niger ,Eguare-Egoro,6.772972200000001,6.0923611,2011-2013,paper,26982388,,29.0,seq,,database_rodents_raph
NIG,Southwest of River Niger ,Ekpoma,6.7414167,6.104888900000001,2011-2013,paper,26982388,,37.0,seq,,database_rodents_raph
CIV,Korhogo,Korhogo,9.45997,-5.62737,,paper,26196447,,65.0,seq,,database_rodents_raph
MLI,,Soromba,10.583333,-7.15,2009,paper,20587185,,25.0,RTqPCR,,database_rodents_raph
MLI,,Soromba,10.589166699999998,-7.1558333,8√Ç¬ñ9 June 09,paper,24340119,,25.0,PCR,,database_rodents_raph
MLI,,Komina,10.6163889,-7.1583333,8√Ç¬ñ9 Jan 10,paper,24340119,,12.0,PCR,,database_rodents_raph
MLI,,Banzana,10.523888900000001,-7.2480556,4√Ç¬ñ5 Mar 12,paper,24340119,,28.0,PCR,,database_rodents_raph
MLI,,Bamba,10.3830556,-7.1516667,6√Ç¬ñ7 Mar 12,paper,24340119,,35.0,PCR,,database_rodents_raph
MLI,,Ouoma,10.3972222,-7.2591667,6√Ç¬ñ7 Mar 12,paper,24340119,,16.0,PCR,,database_rodents_raph
NGA,Benue-Plateau State,Ner-Pankshin,9.328282000000002,9.431016,1972,gmap,1085216,,20.0,isolation,,database_rodents_raph
CIV,,Ahouakro,6.1283332999999995,4.8925,2003-2005,paper,21695269,,221.0,PCR,,database_rodents_raph
CIV,,Blodi,6.7941667,7.2958333,2003-2005,paper,21695269,,97.0,PCR,,database_rodents_raph
CIV,,Gbagroube,5.8091667000000005,5.4980556,2003-2005,paper,21695269,,164.0,PCR,,database_rodents_raph
CIV,,Kotokossou,7.071111099999999,3.1283333,2003-2005,paper,21695269,,12.0,PCR,,database_rodents_raph
CIV,,Menekre,6.1841667000000005,6.07,2003-2005,paper,21695269,,104.0,PCR,,database_rodents_raph
CIV,,Sanguiebo,8.1713889,2.6102778,2003-2005,paper,21695269,,128.0,PCR,,database_rodents_raph
CIV,,Touzoukro,6.7458333,3.3683332999999998,2003-2005,paper,21695269,,3.0,PCR,,database_rodents_raph
SLE,,Tongo,8.663256,-11.059101,1972,gmap,4833828,,39.0,isolation,,database_rodents_raph
GIN,,Bantou,10.050502400000001,-10.587824000000001,2003-2004,paper,17627428,,321.0,PCR,,database_rodents_raph
GIN,,Tanganya,10.0005556,-10.972777800000001,2003-2004,paper,17627428,,238.0,PCR,,database_rodents_raph
GIN,,Saourou,11.5116667,-9.01,2002-2004,paper,25229705,,33.0,serology_gin,,database_rodents_raph
GHA,,Natorduori,10.258166699999999,-2.6260000000000003,2010-2011,paper,24188212,,33.0,RTqPCR,,database_rodents_raph
GHA,,Bowena,9.547,-1.6325,2010-2011,paper,24188212,,59.0,RTqPCR,,database_rodents_raph
GHA,,Teanoba,10.395,-0.366,2010-2011,paper,24188212,,1.0,RTqPCR,,database_rodents_raph
GHA,,Jirandogo,8.3471667,-0.3458333,2010-2011,paper,24188212,,14.0,RTqPCR,,database_rodents_raph
GHA,,Amomaso,7.1226667,-2.3276667,2010-2011,paper,24188212,,10.0,RTqPCR,,database_rodents_raph
GHA,,Doninga,10.619333300000001,-1.4218333,2010-2011,paper,24188212,,32.0,RTqPCR,,database_rodents_raph
GHA,,Mangoase,7.9685,-1.6631667,2010-2011,paper,24188212,,40.0,RTqPCR,,database_rodents_raph
GHA,,Monkwo,7.6741667,-0.633,2010-2011,paper,24188212,,17.0,RTqPCR,,database_rodents_raph
LBR,Margibi,Kakata,6.529935,-10.343628,2018,google_maps,31296177,,1.0,PCR,,bibliography
BEN,,Tchaourou,8.887615,2.592752,2018,google_maps,30558538,,1.0,PCR,,bibliography
MLI,Amansie West,Essuminya,6.711388900000001,-1.9469444,2011,paper,23661832,,1.0,PCR,,bibliography
